-- phpMyAdmin SQL Dump
-- version 5.1.1
-- https://www.phpmyadmin.net/
--
-- Host: 127.0.0.1
-- Generation Time: Jul 18, 2021 at 06:10 PM
-- Server version: 10.4.20-MariaDB
-- PHP Version: 8.0.8

SET SQL_MODE = "NO_AUTO_VALUE_ON_ZERO";
START TRANSACTION;
SET time_zone = "+00:00";


/*!40101 SET @OLD_CHARACTER_SET_CLIENT=@@CHARACTER_SET_CLIENT */;
/*!40101 SET @OLD_CHARACTER_SET_RESULTS=@@CHARACTER_SET_RESULTS */;
/*!40101 SET @OLD_COLLATION_CONNECTION=@@COLLATION_CONNECTION */;
/*!40101 SET NAMES utf8mb4 */;

--
-- Database: `loket`
--

-- --------------------------------------------------------

--
-- Table structure for table `agenda`
--

CREATE TABLE `agenda` (
  `id_agenda` int(11) NOT NULL,
  `agenda` varchar(255) CHARACTER SET latin1 DEFAULT NULL,
  `file` varchar(150) CHARACTER SET latin1 DEFAULT NULL
) ENGINE=InnoDB DEFAULT CHARSET=latin2;

--
-- Dumping data for table `agenda`
--

INSERT INTO `agenda` (`id_agenda`, `agenda`, `file`) VALUES
(2, ' ', 'agenda_1626619754.jpg'),
(3, ' ', 'agenda_1626619893.jpg'),
(4, ' ', 'agenda_1626619935.jpg');

-- --------------------------------------------------------

--
-- Table structure for table `instansi`
--

CREATE TABLE `instansi` (
  `id_instansi` int(2) NOT NULL,
  `instansi` varchar(50) DEFAULT NULL,
  `telp` varchar(15) DEFAULT NULL,
  `alamat` varchar(200) DEFAULT NULL,
  `logo` varchar(150) DEFAULT NULL
) ENGINE=InnoDB DEFAULT CHARSET=latin1;

--
-- Dumping data for table `instansi`
--

INSERT INTO `instansi` (`id_instansi`, `instansi`, `telp`, `alamat`, `logo`) VALUES
(1, 'UNIVERSITAS PELITA BANGSA', '021-28518181', 'Jl. Inspeksi Kalimalang No.9, Cibatu, Cikarang Sel., Bekasi, Jawa Barat 17530', 'logo_1626619043.png');

-- --------------------------------------------------------

--
-- Table structure for table `karyawan`
--

CREATE TABLE `karyawan` (
  `username` varchar(40) NOT NULL DEFAULT '',
  `nama` varchar(50) DEFAULT NULL,
  `telp` varchar(15) DEFAULT NULL,
  `alamat` varchar(200) DEFAULT NULL,
  `password` varchar(40) DEFAULT NULL,
  `level` varchar(10) DEFAULT NULL,
  `id_loket` int(3) DEFAULT NULL
) ENGINE=InnoDB DEFAULT CHARSET=latin1;

--
-- Dumping data for table `karyawan`
--

INSERT INTO `karyawan` (`username`, `nama`, `telp`, `alamat`, `password`, `level`, `id_loket`) VALUES
('admin', 'Nisa Dianti', '082123123839', 'Jakarta', '90b9aa7e25f80cf4f64e990b78a9fc5ebd6cecad', 'Admin', 0),
('loket1', 'Putri', '087858765432', 'Bekasi', '8cec719e846091925976f10fe19891310fee57db', 'Penjaga', 9),
('loket2', 'Intan', '083846123456', 'Bekasi', 'e0748e097924471fcad9f5056967f07c5f24c9bc', 'Penjaga', 8),
('loket3', 'bramantya', '085857567789', 'Bekasi', 'f6568553ac13f53110e224dcfd8b20e351ac178e', 'Penjaga', 7),
('loket4', 'rangga', '082297321345', 'Bekasi', '1c23d771732306f3443713da1b724ac498995feb', 'Penjaga', 6);

-- --------------------------------------------------------

--
-- Table structure for table `loket`
--

CREATE TABLE `loket` (
  `id_loket` int(3) NOT NULL,
  `loket` varchar(40) DEFAULT NULL,
  `suara` varchar(150) DEFAULT NULL,
  `status` tinyint(1) DEFAULT 0
) ENGINE=InnoDB DEFAULT CHARSET=latin1;

--
-- Dumping data for table `loket`
--

INSERT INTO `loket` (`id_loket`, `loket`, `suara`, `status`) VALUES
(6, '4', NULL, 0),
(7, '3', NULL, 0),
(8, '2', NULL, 0),
(9, '1', NULL, 0);

-- --------------------------------------------------------

--
-- Table structure for table `text_jalan`
--

CREATE TABLE `text_jalan` (
  `id_text` int(11) NOT NULL,
  `text` varchar(400) DEFAULT NULL,
  `img` varchar(150) DEFAULT NULL
) ENGINE=InnoDB DEFAULT CHARSET=latin1;

--
-- Dumping data for table `text_jalan`
--

INSERT INTO `text_jalan` (`id_text`, `text`, `img`) VALUES
(2, '\"Hidup ini tidak lepas dari namanya perjuangan. Jangan menyerah, ayo kerahkan kekuatan bersama untuk menunjukkan bahwa marwah mahasiswa masih ada dan masih diperhitungkan.\"', 'text_1626624424.jpg'),
(3, ' \"Kalau mimpimu belum tercapai, jangan pernah mengubah mimpinya, tapi ubahlah strateginya.\"', 'text_1626624395.jpg'),
(4, '\"Jangan hidup hanya berdasarkan apa kata orang. Sebagai mahasiswa kamu harus menjadi dirimu sendiri dan berani tampil berbeda melawan arus, bahkan ketika yang kamu lawan adalah kekuasaan.\"', 'text_1626624444.jpg'),
(5, '\"Makin sulit sebuah perjuangan, maka akan makin indah ketika mencapai kemenangan. Jadilah mahasiswa yang tidak kenal lelah dalam meraih impianmu.\"', 'text_1626624360.jpg');

-- --------------------------------------------------------

--
-- Table structure for table `transaksi`
--

CREATE TABLE `transaksi` (
  `id_transaksi` int(11) NOT NULL,
  `no_antrian` int(11) DEFAULT NULL,
  `id_loket` int(3) NOT NULL DEFAULT 0,
  `username` varchar(40) DEFAULT NULL,
  `tgl` int(8) UNSIGNED ZEROFILL DEFAULT 00000000
) ENGINE=InnoDB DEFAULT CHARSET=latin1;

--
-- Dumping data for table `transaksi`
--

INSERT INTO `transaksi` (`id_transaksi`, `no_antrian`, `id_loket`, `username`, `tgl`) VALUES
(19, 1, 8, 'loket3', 12112017),
(20, 2, 6, 'loket1', 12112017),
(21, 3, 6, 'loket1', 12112017),
(22, 4, 0, NULL, 12112017),
(23, 5, 0, NULL, 12112017),
(24, 6, 0, NULL, 12112017),
(25, 1, 0, NULL, 14112017),
(26, 2, 0, NULL, 14112017),
(27, 1, 6, 'loket1', 16112017),
(28, 2, 6, 'loket1', 16112017),
(29, 3, 7, 'loket2', 16112017),
(30, 1, 6, 'loket1', 17112017),
(31, 2, 7, 'loket2', 17112017),
(32, 3, 8, 'loket3', 17112017),
(33, 4, 9, 'loket4', 17112017),
(34, 5, 0, NULL, 17112017),
(35, 6, 0, NULL, 17112017),
(36, 7, 0, NULL, 17112017),
(37, 8, 0, NULL, 17112017),
(38, 9, 0, NULL, 17112017),
(39, 10, 0, NULL, 17112017),
(40, 11, 0, NULL, 17112017),
(41, 12, 0, NULL, 17112017),
(42, 13, 0, NULL, 17112017),
(43, 14, 0, NULL, 17112017),
(44, 15, 0, NULL, 17112017),
(45, 16, 0, NULL, 17112017),
(46, 17, 0, NULL, 17112017),
(47, 18, 0, NULL, 17112017),
(48, 19, 0, NULL, 17112017),
(49, 20, 0, NULL, 17112017),
(50, 21, 0, NULL, 17112017),
(51, 22, 0, NULL, 17112017),
(52, 23, 0, NULL, 17112017),
(53, 24, 0, NULL, 17112017),
(54, 25, 0, NULL, 17112017),
(55, 26, 0, NULL, 17112017),
(56, 27, 0, NULL, 17112017),
(57, 28, 0, NULL, 17112017),
(58, 29, 0, NULL, 17112017),
(59, 1, 6, 'rangga', 18072021),
(60, 2, 6, 'rangga', 18072021),
(61, 3, 9, 'loket1', 18072021),
(62, 4, 7, 'loket3', 18072021),
(63, 5, 8, 'loket2', 18072021),
(64, 6, 6, 'loket4', 18072021),
(65, 7, 6, 'loket4', 18072021),
(66, 8, 9, 'loket1', 18072021),
(67, 9, 8, 'loket2', 18072021),
(68, 10, 0, NULL, 18072021),
(69, 11, 0, NULL, 18072021),
(70, 12, 0, NULL, 18072021);

--
-- Indexes for dumped tables
--

--
-- Indexes for table `agenda`
--
ALTER TABLE `agenda`
  ADD PRIMARY KEY (`id_agenda`);

--
-- Indexes for table `instansi`
--
ALTER TABLE `instansi`
  ADD PRIMARY KEY (`id_instansi`);

--
-- Indexes for table `karyawan`
--
ALTER TABLE `karyawan`
  ADD PRIMARY KEY (`username`);

--
-- Indexes for table `loket`
--
ALTER TABLE `loket`
  ADD PRIMARY KEY (`id_loket`);

--
-- Indexes for table `text_jalan`
--
ALTER TABLE `text_jalan`
  ADD PRIMARY KEY (`id_text`);

--
-- Indexes for table `transaksi`
--
ALTER TABLE `transaksi`
  ADD PRIMARY KEY (`id_transaksi`);

--
-- AUTO_INCREMENT for dumped tables
--

--
-- AUTO_INCREMENT for table `agenda`
--
ALTER TABLE `agenda`
  MODIFY `id_agenda` int(11) NOT NULL AUTO_INCREMENT, AUTO_INCREMENT=5;

--
-- AUTO_INCREMENT for table `instansi`
--
ALTER TABLE `instansi`
  MODIFY `id_instansi` int(2) NOT NULL AUTO_INCREMENT, AUTO_INCREMENT=2;

--
-- AUTO_INCREMENT for table `loket`
--
ALTER TABLE `loket`
  MODIFY `id_loket` int(3) NOT NULL AUTO_INCREMENT, AUTO_INCREMENT=12;

--
-- AUTO_INCREMENT for table `text_jalan`
--
ALTER TABLE `text_jalan`
  MODIFY `id_text` int(11) NOT NULL AUTO_INCREMENT, AUTO_INCREMENT=6;

--
-- AUTO_INCREMENT for table `transaksi`
--
ALTER TABLE `transaksi`
  MODIFY `id_transaksi` int(11) NOT NULL AUTO_INCREMENT, AUTO_INCREMENT=71;
COMMIT;

/*!40101 SET CHARACTER_SET_CLIENT=@OLD_CHARACTER_SET_CLIENT */;
/*!40101 SET CHARACTER_SET_RESULTS=@OLD_CHARACTER_SET_RESULTS */;
/*!40101 SET COLLATION_CONNECTION=@OLD_COLLATION_CONNECTION */;
